{
  "todos": [
    {
      "title": "Todo",
      "number": 0.8146084774542822,
      "id": 3
    },
    {
      "title": "Todo",
      "number": 0.7927723205594407,
      "id": 4
    },
    {
      "title": "Todo",
      "number": 0.269856662016527,
      "id": 5
    }
  ]
}
