{
  "todos": [
    {
      "number": 0.9733927774134329,
      "id": 2,
      "title": "Edited"
    },
    {
      "title": "Todo",
      "number": 0.8146084774542822,
      "id": 3
    },
    {
      "title": "Todo",
      "number": 0.7927723205594407,
      "id": 4
    }
  ]
}