{
  "todos": [
    {
      "title": "s",
      "number": 0.6566686031440758,
      "id": 1
    },
    {
      "title": "asd",
      "number": 0.9733927774134329,
      "id": 2
    },
    {
      "title": "Todo",
      "number": 0.8146084774542822,
      "id": 3
    },
    {
      "title": "Todo",
      "number": 0.7927723205594407,
      "id": 4
    }
  ]
}